{"pp_delay": [-10000.0, -7000.0, -2000.0, -1000.0, -750.0, -500.0, -250.0, -100.0, -50.0, 0.0, 50.0, 100.0, 150.0, 200.0, 300.0, 400.0, 450.0, 500.0, 600.0, 700.0, 800.0, 1000.0, 1250.0, 1500.0, 1750.0, 2000.0, 2500.0, 3000.0, 4000.0, 5000.0, 7500.0, 10000.0, 15000.0, 20000.0, 30000.0], "bleach": [0.0, 3.0389632432432473e-05, -8.503755405405307e-06, 0.00020515754324324339, 0.0021122655716216215, 0.0039160670851351356, 0.003204737700000001, 0.0012878083418918934, -0.0009278420121621622, -0.002395341997297297, -0.0016057119256756758, -0.00534905695, -0.00809242776891892, -0.009697370597297297, -0.009216860493243243, -0.010887699805405405, -0.010142901435135136, -0.011454497756756759, -0.01116295090135135, -0.0094419895, -0.009078987094594596, -0.008967349036486489, -0.00788561386756757, -0.006285010112162162, -0.004446477586486485, -0.004140618213513514, -0.0013428606324324326, -0.0011646187824324327, -0.001554108243243243, 0.000394499185135135, 0.0006892196081081082, 0.0008290809013513516, 0.0009142318229729728, 0.00040286166351351357, 0.0], "pump_freq": null, "pump_width": null, "cc_width": null, "bleachE": [0.0023844789484657727, 0.0023011560462825997, 0.002453649542013537, 0.002300547264414732, 0.002185502147827275, 0.002200950224471688, 0.0021315432424158713, 0.002050163430232281, 0.001978345640416807, 0.0018704717927414348, 0.00180525080648446, 0.0019103961575957721, 0.0018146046081686717, 0.001698722485355213, 0.00170181089273464, 0.0016528431638272974, 0.0015904706620219814, 0.0016237510437300995, 0.0015527044016944505, 0.0014873559458575241, 0.001534694298656948, 0.001524637788375075, 0.001415078135037791, 0.0014794434246160164, 0.0014778825664066163, 0.001376438958311977, 0.005791068894482774, 0.0014116431310603513, 0.0013420969956232022, 0.0014036175249813728, 0.0013496558904246899, 0.0012791010513883434, 0.0012977665856517449, 0.001234798842345701, 0.001262106058741777], "pixel": [575, 650], "wavenumber": null, "wavelength": null, "delay": null}