{"pp_delay": [-10000.0, -7000.0, -2000.0, -1000.0, -750.0, -500.0, -250.0, -100.0, -50.0, 0.0, 50.0, 100.0, 150.0, 200.0, 300.0, 400.0, 450.0, 500.0, 600.0, 700.0, 800.0, 1000.0, 1250.0, 1500.0, 1750.0, 2000.0, 2500.0, 3000.0, 4000.0, 5000.0, 7500.0, 10000.0, 15000.0, 20000.0, 30000.0], "bleach": [0.0, 0.00011269987037037041, -0.00021675903333333326, -1.2358103703703932e-05, -0.00013745125925925924, -0.0002880842574074076, 0.0001781239537037037, 0.00017678315000000007, -0.00045407467777777754, -0.0034572117574074076, -0.003491159637037037, -0.005661000675925925, -0.006435640772222223, -0.0063646589777777785, -0.005824383225925926, -0.005057949159259258, -0.005622440974074076, -0.004384858655555556, -0.004982828164814816, -0.0033407418555555547, -0.003446898533333334, -0.0019333520611111111, -0.0019133893203703704, -0.0005034469555555555, -0.001477903874074074, -0.001211093557407407, -0.0011700827074074065, -0.0009245990462962962, -0.0012730342555555562, -0.001723114940740742, -0.001668779712962963, -0.000752952712962963, -2.239748518518541e-05, -0.0010217194611111115, 0.0], "pump_freq": null, "pump_width": null, "cc_width": null, "bleachE": [0.0027937159500131528, 0.002427565142430851, 0.002449536900857512, 0.0022810527461361546, 0.0021423819404520843, 0.002049105503165621, 0.002029743867724226, 0.0019827170132285486, 0.0020086827769878186, 0.001851194382110383, 0.0017951952727022118, 0.0017385786002236901, 0.0016650685856735017, 0.001674131409942355, 0.0015305494582468907, 0.0015792192812466934, 0.0014955558346817965, 0.0014872346946518498, 0.0014023808725662197, 0.0014394283229949316, 0.001365367007046278, 0.0013356290603250022, 0.0013352447017945068, 0.0012901180018063461, 0.00125927305977681, 0.0012241164071886362, 0.0012162301421476843, 0.0011508632222160587, 0.0012712935768103284, 0.0011945826660359246, 0.001150967537604011, 0.0011145607576422726, 0.0010984278423022261, 0.0010808017007963762, 0.0010868331998741796], "pixel": [690.0, 745.0], "wavenumber": null, "wavelength": null, "delay": null}